"Habilitado";"UF";"Prefeitura"
"1";"Sim";"AC";"tarauaca"
"2";"Não";"AC";"mancio lima"
"3";"Não";"AC";"capixaba"
"4";"Não";"RO";"rolim de moura"
"5";"Não";"RO";"machadinho d´oeste"
"6";"Não";"PB";"camalau"
"7";"Sim";"PB";"serra branca"
"8";"Sim";"DF";"brasilia"
"9";"Não";"DF";"ra iv brazlandia"
"10";"Não";"AL";"batalha"
"11";"Não";"TO";"alvorada"
"12";"Não";"TO";"dois irmaos do tocantins - to"
"13";"Não";"TO";"santa rita do tocantins"
"14";"Não";"TO";"duere"
"15";"Não";"SC";"agronomica"
"16";"Não";"SC";"gaspar"
"17";"Não";"RN";"ceara mirim"
"18";"Não";"RJ";"mage"
"19";"Não";"RJ";"saquarema"
"20";"Não";"RJ";"cidade do rio de janeiro"
"21";"Não";"RJ";"sao pedro da aldeia"
"22";"Não";"RJ";"itaborai"
"23";"Não";"PI";"jacobina - pi"
"24";"Não";"PI";"cristino castro"
"25";"Não";"PI";"luis correia"
"26";"Não";"PA";"portel"
"27";"Não";"PA";"curralinho"
"28";"Não";"PA";"bujaru"
"29";"Não";"PA";"sao francisco do para"
"30";"Não";"PA";"santo antonio do taua"
"31";"Não";"PA";"acara"
"32";"Não";"PA";"p)refeitura municipal de aveiro"
"33";"Não";"PA";"prefeitura municpal de maraba"
"34";"Não";"PA";"tucuma"
"35";"Não";"PA";"rondon do para"
"36";"Não";"PA";"goianesia do para"
"37";"Não";"PA";"canaa dos carajas"
"38";"Não";"PA";"prefeitura muniicipal de mocajuba"
"39";"Não";"PA";"baiao"
"40";"Não";"PA";"moju"
"41";"Não";"PA";"tracuateua"
"42";"Não";"PA";"viseu - para"
"43";"Não";"PA";"jacunda - pa"
"44";"Não";"MS";"dourados"
"45";"Não";"MT";"guaranta do norte"
"46";"Não";"MT";"comodoro"
"47";"Não";"MA";"sao jose de ribamar"
"48";"Não";"MA";"penalva"
"49";"Não";"GO";"porteirao"
"50";"Não";"GO";"aragoiania"
"51";"Não";"GO";"alexania"
"52";"Não";"GO";"professor jamil"
"53";"Não";"GO";"panama-go"
"54";"Não";"GO";"caldas novas"
"55";"Não";"GO";"ceres"
"56";"Não";"GO";"anicuns"
"57";"Não";"GO";"santa terezinha de goias"
"58";"Não";"GO";"crixas"
"59";"Não";"ES";"marechal floriano"
"60";"Não";"ES";"piuma"
"61";"Não";"ES";"pinheiros"
"62";"Não";"ES";"sao jose do calcado"
"63";"Não";"ES";"jeronimo monteiro"
"64";"Não";"ES";"baixo guandu"
"65";"Sim";"DF";"paranoa - ra - vii"
"66";"Sim";"DF";"giallanza"
"67";"Não";"CE";"salitre"
"68";"Não";"CE";"aiuaba"
"69";"Não";"CE";"prefeitura muncipal de paracuru"
"70";"Não";"CE";"saboeiro"
"71";"Não";"CE";"deputado irapuan pinheiro"
"72";"Não";"CE";"aratuba"
"73";"Não";"CE";"madalena"
"74";"Não";"BA";"maracas"
"75";"Não";"BA";"iuiu-ba"
"76";"Não";"BA";"amargosa"
"77";"Não";"BA";"pintadas"
"78";"Não";"BA";"caetite"
"79";"Não";"BA";"nova fatima"
"80";"Não";"BA";" guanambi"
"81";"Não";"AL";"teotonio vilela"
"82";"Não";"AL";"murici"
"83";"Sim";"TO";"pugmil"
"84";"Sim";"TO";"araguacu"
"85";"Não";"SP";"avare"
"86";"Não";"SP";"pindamonhangaba"
"87";"Não";"SP";"pederneiras"
"88";"Não";"SP";"mirandopolis (sp)"
"89";"Não";"SP";"piacatu"
"90";"Não";"SP";"rifaina"
"91";"Não";"SP";"orlandia"
"92";"Não";"SP";"caieiras/sp"
"93";"Não";"SP";"tapiratiba"
"94";"Não";"SP";"quadra"
"95";"Não";"SP";"guariba"
"96";"Não";"SC";"sao bento do sul"
"97";"Sim";"RO";"espigao do oeste - ro"
"98";"Não";"RS";"pinheiro machado / azonasul"
"99";"Não";"RS";"sao jose do ouro"
"100";"Não";"RS";"esperanca do sul"
"101";"Não";"RS";"quarai"
"102";"Não";"RS";"cacique doble"
"103";"Não";"RS";"quatro irmaos"
"104";"Não";"RS";"presidente lucena"
"105";"Não";"RS";"barra funda"
"106";"Não";"RS";"tres arroios"
"107";"Não";"RS";"teutonia"
"108";"Não";"RS";"santo antonio do planalto"
"109";"Não";"RS";"bom principio"
"110";"Não";"RS";"eldorado do sul/rs"
"111";"Não";"RS";"agua santa"
"112";"Não";"RS";"santa vitoria do palmar"
"113";"Não";"RS";"chapada"
"114";"Não";"RS";"lagoa dos tres cantos"
"115";"Não";"RS";"sapucaia do sul"
"116";"Não";"RS";"machadinho/rs"
"117";"Não";"RS";"vila maria"
"118";"Não";"RS";"bento goncalves"
"119";"Não";"RS";"cerro largo"
"120";"Não";"RS";"santo antonio do palma"
"121";"Não";"RS";"sao miguel das missoes"
"122";"Não";"RS";"maquine"
"123";"Sim";"PB";"condado - pb"
"124";"Não";"PA";"santa isabel do para"
"125";"Não";"PA";"augusto correa"
"126";"Não";"PA";"soure"
"127";"Sim";"MG";"barao do monte alto"
"128";"Sim";"MG";"antonio prado de minas"
"129";"Sim";"MG";"eugenopolis"
"130";"Sim";"MG";"tombos"
"131";"Não";"MG";"santa cruz de salinas"
"132";"Não";"MG";"nova lima"
"133";"Não";"MG";"presidente kubitschek"
"134";"Não";"MG";"aracai"
"135";"Não";"MG";"presidente kubitschek"
"136";"Não";"MG";"pitangui"
"137";"Não";"MG";"bom repouso"
"138";"Não";"MG";"funilandia"
"139";"Não";"MG";"mamonas"
"140";"Não";"MG";"prata-mg"
"141";"Não";"MG";"coronel murta - mg"
"142";"Não";"MG";"catuti"
"143";"Não";"MG";"santana de cataguases"
"144";"Não";"MG";"formiga"
"145";"Não";"MG";"andradas - mg"
"146";"Não";"MG";"alvarenga"
"147";"Não";"MG";"bocaiuva"
"148";"Não";"MG";"sao domingos do prata/mg"
"149";"Não";"MG";"joao pinheiro"
"150";"Não";"MG";"corrego novo"
"151";"Não";"MG";"pedra azul"
"152";"Não";"MG";"sete lagoas"
"153";"Não";"MG";"sao goncalo do abaete"
"154";"Não";"MG";"campo florido"
"155";"Não";"MG";"medeiros"
"156";"Sim";"MT";"acorizal"
"157";"Sim";"MT";"novo mundo"
"158";"Não";"MA";"humberto de campos"
"159";"Sim";"GO";"agua limpa"
"160";"Não";"GO";"municipio de fazenda nova"
"161";"Sim";"GO";"senador canedo-go"
"162";"Sim";"GO";"campo limpo de goias"
"163";"Sim";"GO";"inaciolandia"
"164";"Sim";"GO";"mara rosa"
"165";"Não";"ES";"ponto belo / prefeitura municipal"
"166";"Não";"ES";"joao neiva"
"167";"Não";"ES";"brejetuba"
"168";"Não";"ES";"alfredo chaves"
"169";"Sim";"CE";"ipu"
"170";"Não";"CE";"assare"
"171";"Sim";"CE";"barbalha"
"172";"Não";"CE";"iguatu"
"173";"Não";"BA";"santo estevao"
"174";"Sim";"TO";"dianopolis"
"175";"Sim";"TO";"wanderlandia"
"176";"Sim";"TO";"tocantinopolis"
"177";"Sim";"TO";"miranorte"
"178";"Sim";"TO";"guarai"
"179";"Sim";"TO";"riachinho"
"180";"Sim";"SP";"jarinu"
"181";"Não";"SP";"sao lourenco da serra"
"182";"Sim";"SP";"taquarivai"
"183";"Sim";"SP";"igarapava"
"184";"Não";"SP";"salmourao / presidente prudente"
"185";"Não";"SP";"guapiara"
"186";"Não";"SP";"sao simao"
"187";"Não";"SP";"barueri"
"188";"Não";"SP";"catanduva"
"189";"Não";"SP";"cunha"
"190";"Sim";"SC";"saudades"
"191";"Não";"SC";"icara"
"192";"Sim";"SC";"catanduvas - sc"
"193";"Sim";"SC";"joinville"
"194";"Sim";"RR";"rorainopolis"
"195";"Não";"RS";"vera cruz"
"196";"Não";"RS";"cacapava do sul - rs"
"197";"Não";"RS";"porto maua"
"198";"Não";"RS";"palmares do sul"
"199";"Não";"RS";"unistalda"
"200";"Não";"RS";"pareci novo"
"201";"Sim";"RN";"marcelino vieira"
"202";"Não";"RJ";"santa maria madalena"
"203";"Não";"RJ";"nova iguacu"
"204";"Sim";"RJ";"santo antonio de padua"
"205";"Sim";"PI";"sebastiao leal"
"206";"Sim";"PR";"paranavai - pr"
"207";"Não";"PB";"santa luzia"
"208";"Sim";"PB";"catingueira"
"209";"Sim";"PA";"santa maria do para"
"210";"Sim";"PA";"breu branco"
"211";"Sim";"PA";"terra alta"
"212";"Sim";"MG";"patrocinio do muriae"
"213";"Não";"MG";"lagoa da prata"
"214";"Sim";"MG";"chapada gaucha/mg"
"215";"Sim";"MG";"jaboticatubas"
"216";"Sim";"MG";"santo antonio do rio abaixo"
"217";"Sim";"MG";"guarani"
"218";"Sim";"MG";"brazopolis"
"219";"Não";"MG";"rio acima"
"220";"Sim";"MS";"obadias de lana"
"221";"Não";"MS";"anaurilandia"
"222";"Sim";"MS";"fatima do sul"
"223";"Sim";"MS";"vicentina"
"224";"Sim";"MS";"sete quedas"
"225";"Sim";"MT";"nova nazare / mt"
"226";"Sim";"MT";"nova marilandia"
"227";"Sim";"MT";"pontal do araguaia"
"228";"Sim";"MT";"novo sao joaquim"
"229";"Sim";"MT";"canarana / mt"
"230";"Sim";"MT";"gaucha do norte / mt"
"231";"Sim";"MT";"indiavai"
"232";"Não";"MA";"balsas/ma"
"233";"Sim";"GO";"novo gama"
"234";"Sim";"GO";"santa helena de goias"
"235";"Sim";"GO";"cachoeira alta - go"
"236";"Sim";"GO";"porangatu"
"237";"Sim";"GO";"piracanjuba prefeitura municipal"
"238";"Sim";"GO";"aloandia"
"239";"Não";"GO";"joviania - goias"
"240";"Não";"ES";"bom jesus do norte"
"241";"Não";"DF";"varjao - ra xxiii"
"242";"Sim";"DF";"itapoa"
"243";"Não";"DF";"sudoeste / octogonal"
"244";"Sim";"CE";"campos sales"
"245";"Não";"CE";"tejucuoca"
"246";"Sim";"AM";"branquinha"
"247";"Sim";"AL";"cha preta"
"248";"Não";"AL";"campo alegre"
"249";"Sim";"AL";"maravilha"
"250";"Sim";"AL";"capela"
"251";"Sim";"AL";"taquarana"
"252";"Sim";"AL";"feliz deserto"
"253";"Sim";"AL";"junqueiro"
"254";"Não";"AL";"agua branca"
"255";"Sim";"AC";"senador guiomard"
"256";"Sim";"TO";"augustinopolis"
"257";"Sim";"TO";"caseara"
"258";"Sim";"TO";"santa rosa do tocantins"
"259";"Sim";"TO";"miracema do tocantins"
"260";"Sim";"TO";"bernardo sayao"
"261";"Sim";"SP";"da casa verde/cachoeirinha"
"262";"Sim";"SP";"promissao"
"263";"Sim";"SP";"nova odessa"
"264";"Sim";"SP";"rubiacea"
"265";"Não";"SP";"cerqueira cesar"
"266";"Sim";"SP";"pontes gestal/votuporanga"
"267";"Sim";"SP";"salto de pirapora"
"268";"Não";"SP";"itaoca/ itapeva/sp"
"269";"Não";"SP";"registro"
"270";"Sim";"SP";"pedro de toledo"
"271";"Sim";"SP";"jacupiranga"
"272";"Sim";"SP";"miracatu"
"273";"Sim";"SP";"quata"
"274";"Não";"SP";"serra azul"
"275";"Sim";"SC";"aguas frias- sc"
"276";"Não";"SC";"sao domingos (sc)"
"277";"Sim";"SC";"aguas de chapeco-sc"
"278";"Sim";"SC";"canoinhas"
"279";"Sim";"SC";"pinhalzinho"
"280";"Sim";"RR";"alto alegre"
"281";"Sim";"RR";"bonfim"
"282";"Sim";"RR";"caracarai"
"283";"Sim";"RO";"ariquemes"
"284";"Não";"RS";"tapejara"
"285";"Sim";"RS";"pinhal"
"286";"Sim";"RS";"sagrada familia - rs"
"287";"Sim";"RS";"boa vista do incra"
"288";"Sim";"RS";"guapore"
"289";"Sim";"RS";"vista gaucha"
"290";"Sim";"RN";"assu"
"291";"Sim";"RN";"luis gomes"
"292";"Sim";"RN";"serra negra do norte"
"293";"Sim";"RN";"lagoa nova"
"294";"Sim";"RN";"ipueira"
"295";"Sim";"RJ";"cabo frio"
"296";"Sim";"RJ";"araruama"
"297";"Não";"RJ";"belford roxo"
"298";"Sim";"PI";"inhuma - piaui"
"299";"Sim";"PI";"barras-pi"
"300";"Sim";"PI";"sao jose do piaui"
"301";"Sim";"PI";"caxingo/pi"
"302";"Sim";"PI";"piripiri"
"303";"Sim";"PI";"jose de freitas"
"304";"Sim";"PI";"arraial/pi"
"305";"Sim";"PI";"corrente"
"306";"Sim";"PI";"padre marcos"
"307";"Sim";"PE";"tuparetama/ pe"
"308";"Sim";"PE";"sao joao"
"309";"Sim";"PE";"jatauba"
"310";"Sim";"PE";"camocim de sao felix"
"311";"Sim";"PB";"sobrado"
"312";"Sim";"PB";"campina grande"
"313";"Sim";"PB";"joao pesoa"
"314";"Sim";"PB";"mae d`agua"
"315";"Sim";"PA";"igarape-miri"
"316";"Sim";"PA";"mae do rio"
"317";"Sim";"PA";"parauapebas"
"318";"Sim";"MG";"carangola"
"319";"Sim";"MG";"lavras/mg"
"320";"Sim";"MG";"uruana de minas"
"321";"Não";"MG";"uberlandia - mg"
"322";"Sim";"MG";"jaiba"
"323";"Sim";"MG";"ouro branco"
"324";"Sim";"MG";"ibiraci"
"325";"Sim";"MG";"grao mogol"
"326";"Sim";"MG";"arceburgo"
"327";"Sim";"MG";"barroso"
"328";"Sim";"MS";"taquarussu"
"329";"Sim";"MS";"angelica"
"330";"Sim";"MS";"japora"
"331";"Sim";"MS";"juti"
"332";"Sim";"MS";"amambai"
"333";"Sim";"MS";"coronel sapucaia"
"334";"Sim";"MS";"mundo novo"
"335";"Sim";"MT";"reserva do cabacal"
"336";"Sim";"MT";"pontes e lacerda"
"337";"Sim";"MT";"nova canaa do norte"
"338";"Sim";"MT";"barra do bugres"
"339";"Não";"MT";"sorriso"
"340";"Sim";"MA";"brejo"
"341";"Sim";"MA";"joao lisboa"
"342";"Sim";"MA";"sao francisco do maranhao"
"343";"Sim";"MA";"colinas"
"344";"Sim";"GO";"inhumas-go"
"345";"Sim";"GO";"indiara"
"346";"Sim";"GO";"arenopolis"
"347";"Sim";"GO";"chapadao do ceu"
"348";"Sim";"GO";"turvelandia"
"349";"Sim";"GO";"piranhas"
"350";"Sim";"GO";"uirapuru"
"351";"Sim";"ES";"mimoso do sul"
"352";"Sim";"ES";"ibiracu"
"353";"Sim";"ES";"alto rio novo"
"354";"Não";"DF";"sobradinho"
"355";"Sim";"CE";"camocim"
"356";"Sim";"CE";"aracati"
"357";"Não";"CE";"novo oriente - ce"
"358";"Sim";"CE";"pedra branca"
"359";"Sim";"CE";"juazeiro do norte - ceara"
"360";"Sim";"CE";"beberibe"
"361";"Sim";"CE";"itaitinga"
"362";"Sim";"BA";"itiuba"
"363";"Sim";"BA";"jequie"
"364";"Sim";"BA";"igapora"
"365";"Sim";"BA";"uaua"
"366";"Sim";"AL";"maceio"
"367";"Sim";"AL";"barra de sao miguel"
"368";"Sim";"AL";"sao jose da tapera"
"369";"Sim";"AL";"major izidoro"
"370";"Sim";"AL";"girau do ponciano"
"371";"Sim";"AL";"rio largo"
"372";"Sim";"AC";"bujari"
"373";"Sim";"TO";"combinado"
"374";"Sim";"TO";"palmas"
"375";"Sim";"TO";"pedro afonso"
"376";"Sim";"TO";"sao valerio da natividade"
"377";"Sim";"TO";"santa fe do araguaia"
"378";"Sim";"TO";"porto nacional"
"379";"Sim";"SP";"caconde"
"380";"Sim";"SP";"campinas"
"381";"Sim";"SP";"guaruja"
"382";"Sim";"SP";"americana"
"383";"Sim";"SP";"jabaquara"
"384";"Sim";"SP";"prefeitura municipal da estancia turisitica de eldorado"
"385";"Não";"SP";"presidente alves"
"386";"Sim";"SP";"santo amaro"
"387";"Sim";"SP";"pirassununga"
"388";"Sim";"SP";"candido rodrigues"
"389";"Sim";"SP";"sao paulo - cidade ademar"
"390";"Sim";"SP";"eldorado"
"391";"Sim";"SP";"santo antonio da alegria"
"392";"Não";"SP";"franco da rocha"
"393";"Sim";"SP";"alvares machado"
"394";"Sim";"SP";"sete barras"
"395";"Sim";"SP";"arandu"
"396";"Sim";"SP";"estancia balnearia de amongagua"
"397";"Sim";"SP";"sumare"
"398";"Não";"SP";"parapua"
"399";"Sim";"SP";"cubatao"
"400";"Sim";"SC";"timbo"
"401";"Sim";"SC";"seara"
"402";"Sim";"SC";"ipora do oeste"
"403";"Sim";"SC";"sombrio"
"404";"Sim";"SC";"otacilio costa"
"405";"Sim";"SC";"curitibanos"
"406";"Sim";"SC";"municipio de joacaba"
"407";"Sim";"SC";"ita"
"408";"Sim";"SC";"xaxim"
"409";"Sim";"SC";"itapoa"
"410";"Sim";"SC";"agua doce"
"411";"Sim";"SC";"balneario barra do sul"
"412";"Sim";"SC";"lindoia do sul"
"413";"Sim";"SC";"prefeitura municiopal de araquari"
"414";"Sim";"RR";"uiramuta"
"415";"Sim";"RR";"canta"
"416";"Sim";"RR";"pacaraima"
"417";"Sim";"RO";"vilhena"
"418";"Sim";"RS";"encantado"
"419";"Não";"RS";"jacutinga"
"420";"Sim";"RS";"capela de santana"
"421";"Sim";"RS";"sao pedro do butia"
"422";"Sim";"RS";"alto feliz"
"423";"Não";"RS";"miraguai"
"424";"Não";"RS";"victor graeff"
"425";"Sim";"RS";"bage"
"426";"Sim";"RS";"butia"
"427";"Sim";"RS";"garibaldi"
"428";"Não";"RS";"palmeira das missoes"
"429";"Sim";"RS";"aratiba"
"430";"Não";"RS";"vitoria das missoes"
"431";"Sim";"RS";"marau"
"432";"Sim";"RS";"santo antonio da patrulha"
"433";"Não";"RS";"julio de castilhos"
"434";"Sim";"RS";"nova prata"
"435";"Sim";"RS";"tres coroas/rs"
"436";"Sim";"RN";"parelhas"
"437";"Sim";"RN";"tenente ananias"
"438";"Sim";"RN";"currais novos/rn"
"439";"Sim";"RJ";"miracema"
"440";"Sim";"RJ";"cachoeiras de macacu"
"441";"Sim";"RJ";"macuco"
"442";"Não";"RJ";"duas barras"
"443";"Sim";"RJ";"natividade"
"444";"Sim";"RJ";"rio das flores"
"445";"Sim";"PI";"pio ix"
"446";"Sim";"PI";"nossa senhora de nazare"
"447";"Sim";"PI";"valenca do piaui"
"448";"Sim";"PI";"floriano"
"449";"Sim";"PI";"cajazeiras do piaui"
"450";"Sim";"PI";"sao joao do arraial"
"451";"Sim";"PE";"triunfo"
"452";"Sim";"PE";"cha de alegria"
"453";"Sim";"PE";"cortes"
"454";"Sim";"PE";"gameleira"
"455";"Sim";"PE";"cedro"
"456";"Sim";"PE";"joaquim nabuco"
"457";"Sim";"PE";"garanhuns"
"458";"Sim";"PE";"paranatama"
"459";"Sim";"PE";"carnaiba"
"460";"Sim";"PE";"angelim"
"461";"Sim";"PE";"barreiros"
"462";"Sim";"PE";"abreu e lima"
"463";"Sim";"PR";"foz do iguacu"
"464";"Sim";"PR";"apucarana"
"465";"Sim";"PB";"livramento"
"466";"Sim";"PB";"sao jose do brejo do cruz"
"467";"Sim";"PB";"triunfo"
"468";"Sim";"PA";"ulianopolis"
"469";"Sim";"PA";"benevides"
"470";"Sim";"PA";"xinguara/ xinguara"
"471";"Sim";"PA";"belem"
"472";"Sim";"PA";"castanhal"
"473";"Sim";"PA";"tome-acu"
"474";"Sim";"MG";"salinas"
"475";"Sim";"MG";"dom joaquim"
"476";"Sim";"MG";"senador firmino"
"477";"Sim";"MG";"novorizonte"
"478";"Sim";"MG";"pirangucu"
"479";"Sim";"MG";"montes claros"
"480";"Sim";"MG";"itamonte"
"481";"Sim";"MG";"pirapora (mg)"
"482";"Sim";"MS";"brasilandia"
"483";"Sim";"MS";"costa rica"
"484";"Sim";"MS";"itapora"
"485";"Sim";"MS";"guia lopes da laguna"
"486";"Sim";"MS";"nova andradina"
"487";"Sim";"MS";"ponta pora ms"
"488";"Não";"MT";"caceres"
"489";"Sim";"MT";"barra do garcas"
"490";"Sim";"MT";"varzea grande"
"491";"Sim";"MT";"paranatinga"
"492";"Sim";"MT";"campo novo do parecis"
"493";"Sim";"MA";"itapecuru mirim"
"494";"Sim";"MA";"nova iorque"
"495";"Sim";"MA";"anajatuba"
"496";"Sim";"MA";"sao joao dos patos"
"497";"Não";"GO";"aparecida de goiania"
"498";"Sim";"GO";"crixas"
"499";"Sim";"GO";"caiaponia"
"500";"Sim";"GO";"jatai"
"501";"Sim";"GO";"mairipotaba"
"502";"Sim";"GO";"sao simao"
"503";"Sim";"GO";"goiatuba"
"504";"Não";"ES";"conceicao barra/es"
"505";"Sim";"ES";"linhares"
"506";"Sim";"ES";"fundao"
"507";"Sim";"ES";"venda nova do imigrante"
"508";"Sim";"DF";"gama - ra ii."
"509";"Sim";"CE";"baturite"
"510";"Sim";"CE";"ocara"
"511";"Sim";"CE";"redencao"
"512";"Sim";"CE";"croata"
"513";"Sim";"CE";"tamboril"
"514";"Sim";"CE";"fortim"
"515";"Sim";"CE";"hidrolandia"
"516";"Sim";"CE";"ibicuitinga"
"517";"Sim";"BA";"ourolandia"
"518";"Sim";"BA";"curaca"
"519";"Sim";"BA";"lauro de freitas"
"520";"Sim";"AM";"parintins"
"521";"Sim";"AP";"porto grande"
"522";"Sim";"AP";"tartarugalzinho"
"523";"Sim";"AL";"penedo"
"524";"Sim";"AL";"boca da mata"
"525";"Sim";"AL";"mata grande"
"526";"Sim";"AL";"ibateguara"
"527";"Sim";"AL";"poco das trincheiras"
"528";"Não";"AC";"acrelandia"
"529";"Não";"AC";"rio branco - ac"
"530";"Sim";"TO";"paraiso do tocantins"
"531";"Sim";"SP";"dracena"
"532";"Sim";"SP";"mombuca"
"533";"Sim";"SP";"vinhedo"
"534";"Não";"SP";"santa isabel"
"535";"Sim";"SP";"cajamar"
"536";"Sim";"SP";"itapira"
"537";"Não";"SP";"palmares paulista"
"538";"Sim";"SP";"araraquara"
"539";"Sim";"SP";"santa lucia"
"540";"Sim";"SP";"junqueiropolis"
"541";"Sim";"SP";"botucatu"
"542";"Não";"SP";"americo de campos"
"543";"Sim";"SP";"itariri"
"544";"Sim";"SP";"cajobi"
"545";"Sim";"SP";"guarulhos"
"546";"Sim";"SP";"ipaussu - sp"
"547";"Sim";"SP";"sao roque"
"548";"Sim";"SP";"sales"
"549";"Sim";"SP";"descalvado"
"550";"Sim";"SP";"taruma - sp"
"551";"Sim";"SP";"ribeirao pires"
"552";"Sim";"SP";"sao miguel arcanjo"
"553";"Sim";"SP";"borborema"
"554";"Sim";"SP";"diadema"
"555";"Sim";"SP";"pirituba/jaragua"
"556";"Sim";"SP";"marilia"
"557";"Sim";"SP";"lucelia"
"558";"Sim";"SP";"pirajui"
"559";"Sim";"SP";"morungaba"
"560";"Sim";"SP";"monte mor"
"561";"Sim";"SP";"rio das pedras"
"562";"Sim";"SP";"leme"
"563";"Sim";"SP";"paraguacu paulista"
"564";"Sim";"SP";"dobrada"
"565";"Sim";"SP";"morro agudo/sp"
"566";"Sim";"SP";"ferraz de vasconcelos"
"567";"Sim";"SP";"rafard"
"568";"Sim";"SP";"sao vicente"
"569";"Sim";"SP";"ipigua"
"570";"Sim";"SP";"municipio de votuporanga"
"571";"Sim";"SC";"ponte serrada"
"572";"Sim";"SC";"municipio de palhoca"
"573";"Sim";"SC";"cacador"
"574";"Sim";"SC";"chapeco"
"575";"Sim";"SC";"schroeder"
"576";"Sim";"RO";"porto velho"
"577";"Sim";"RO";"cacoal"
"578";"Sim";"RS";"macambara"
"579";"Sim";"RS";"sapiranga"
"580";"Sim";"RS";"caxias do sul"
"581";"Sim";"RS";"charqueadas"
"582";"Sim";"RS";"pedras altas"
"583";"Sim";"RS";"ronda alta"
"584";"Sim";"RS";"sao valerio do sul"
"585";"Sim";"RS";"caseiros"
"586";"Sim";"RS";"quinze de novembro"
"587";"Sim";"RS";"sao gabriel"
"588";"Sim";"RS";"passo do sobrado"
"589";"Sim";"RS";"nova petropolis"
"590";"Sim";"RS";"forquetinha"
"591";"Sim";"RS";"arroio dos ratos"
"592";"Sim";"RS";"santana do livramento"
"593";"Sim";"RS";"panambi"
"594";"Sim";"RS";"paverama"
"595";"Sim";"RS";"santa maria"
"596";"Sim";"RS";"capivari do sul"
"597";"Sim";"RS";"arroio grande"
"598";"Sim";"RN";"timbauba dos batistas"
"599";"Sim";"RN";"major sales"
"600";"Sim";"RN";"janduis"
"601";"Sim";"RN";"tangara"
"602";"Sim";"RN";"apodi"
"603";"Sim";"RN";"mossoro-rn"
"604";"Não";"RJ";"sao joao da barra"
"605";"Sim";"RJ";"municipio: rio das ostras"
"606";"Sim";"RJ";"iguaba grande"
"607";"Sim";"RJ";"casimiro de abreu"
"608";"Sim";"RJ";"sao fidelis"
"609";"Sim";"RJ";"sao ggoncalo"
"610";"Sim";"RJ";"municipio de tres rios"
"611";"Sim";"RJ";"barra mansa"
"612";"Sim";"RJ";"cantagalo"
"613";"Sim";"RJ";"cordeiro"
"614";"Sim";"RJ";"pinheiral"
"615";"Sim";"RJ";"areal"
"616";"Sim";"RJ";"duque de caxias"
"617";"Sim";"RJ";"nova friburgo"
"618";"Sim";"RJ";"porciuncula"
"619";"Sim";"PI";"bocaina"
"620";"Sim";"PI";"picos"
"621";"Sim";"PE";"bom jardim"
"622";"Sim";"PE";"timbauba"
"623";"Sim";"PE";"caruaru"
"624";"Sim";"PE";"ferreiros"
"625";"Sim";"PE";"aracoiaba"
"626";"Sim";"PE";"macaparana"
"627";"Sim";"PE";"machados"
"628";"Sim";"PE";"jaboatao dos guararapes"
"629";"Sim";"PE";"sao caetano"
"630";"Sim";"PE";"riacho das almas"
"631";"Sim";"PE";"quipapa"
"632";"Sim";"PE";"sertania"
"633";"Sim";"PE";"lagoa de itaenga"
"634";"Sim";"PE";"panelas"
"635";"Sim";"PE";"casinhas"
"636";"Sim";"PE";"taquaritinga do norte"
"637";"Sim";"PE";"lagoa do carro"
"638";"Sim";"PE";"brejinho"
"639";"Sim";"PR";"maringa"
"640";"Sim";"PB";"cabaceiras"
"641";"Sim";"PB";"picui"
"642";"Sim";"PB";"pedras de fogo"
"643";"Sim";"PB";"boqueirao /cariri"
"644";"Sim";"PB";"nova palmeira"
"645";"Sim";"PB";"gurjao"
"646";"Sim";"PB";"matinhas"
"647";"Sim";"PA";"braganca"
"648";"Sim";"PA";"santarem"
"649";"Sim";"PA";"barcarena"
"650";"Sim";"PA";"ananindeua"
"651";"Sim";"MG";"santana do riacho"
"652";"Sim";"MG";"buritizeiro"
"653";"Sim";"MG";"monsenhor paulo"
"654";"Sim";"MG";"monte azul"
"655";"Sim";"MG";"itabira"
"656";"Sim";"MG";"prefeito municipal"
"657";"Sim";"MG";"piedade dos gerais"
"658";"Sim";"MG";"cambui"
"659";"Sim";"MG";"oliveira"
"660";"Sim";"MG";"campo belo"
"661";"Sim";"MG";"itanhandu-mg"
"662";"Sim";"MG";"itauna"
"663";"Sim";"MG";"taiobeiras"
"664";"Sim";"MG";"eloi mendes"
"665";"Sim";"MG";"itabirinha"
"666";"Sim";"MG";"ipatinga"
"667";"Sim";"MG";"leme do prado"
"668";"Sim";"MG";"miradouro"
"669";"Sim";"MS";"sao gabriel do oeste"
"670";"Sim";"MS";"bataypora-ms"
"671";"Sim";"MS";"selviria"
"672";"Sim";"MS";"ivinhema"
"673";"Sim";"MS";"jardim"
"674";"Sim";"MT";"curvelandia"
"675";"Sim";"MT";"campos de julio"
"676";"Sim";"MT";"nova xavantina"
"677";"Sim";"MT";"cuiaba"
"678";"Sim";"MT";"conquista doeste"
"679";"Sim";"MT";"lucas do rio verde - mato grosso"
"680";"Sim";"MT";"agua boa - mt"
"681";"Sim";"MT";"denise"
"682";"Não";"MT";"rosario oeste"
"683";"Sim";"MT";"alta floresta - mt"
"684";"Sim";"MT";"terra nova do norte"
"685";"Sim";"MT";"tangara da serra"
"686";"Não";"MT";"sinop"
"687";"Sim";"MT";"colider"
"688";"Sim";"MA";"sao joao do paraiso"
"689";"Sim";"MA";"caxias - ma"
"690";"Sim";"MA";"sao luis"
"691";"Sim";"GO";"jesupolis"
"692";"Sim";"GO";"jaragua"
"693";"Sim";"ES";"santa teresa"
"694";"Sim";"ES";"anchieta"
"695";"Sim";"ES";"iuna"
"696";"Sim";"ES";"cariacica"
"697";"Sim";"ES";"colatina"
"698";"Sim";"CE";"jaguaribe"
"699";"Sim";"CE";"independencia"
"700";"Sim";"CE";"itaicaba"
"701";"Sim";"CE";"cruz"
"702";"Sim";"CE";"guaramiranga/ce"
"703";"Sim";"CE";"santa quiteria - ceara"
"704";"Sim";"CE";"boa viagem"
"705";"Sim";"CE";"mombaca"
"706";"Sim";"BA";"campo formoso"
"707";"Sim";"BA";"senhor do bonfim"
"708";"Sim";"BA";"cruz das almas-ba"
"709";"Sim";"AP";"santana"
"710";"Sim";"AL";"delmiro gouveia"
"711";"Sim";"AL";"traipu"
"712";"Sim";"AL";"coruripe"
"713";"Sim";"AL";"quebrangulo"
"714";"Sim";"TO";"colinas do tocantins"
"715";"Sim";"SE";"carmopolis"
"716";"Sim";"SP";"carapicuiba"
"717";"Sim";"SP";"pracinha"
"718";"Sim";"SP";"apiai"
"719";"Sim";"SP";"olimpia"
"720";"Sim";"SP";"iguape / regional: registro"
"721";"Sim";"SP";"cachoeira paulista"
"722";"Sim";"SP";"queluz"
"723";"Sim";"SP";"capao bonito"
"724";"Sim";"SP";"tambau"
"725";"Sim";"SP";"buri"
"726";"Sim";"SP";"ubatuba"
"727";"Sim";"SP";"varzea paulista"
"728";"Sim";"SP";"guara"
"729";"Sim";"SP";"tabatinga"
"730";"Sim";"SP";"penapolis"
"731";"Sim";"SP";"franca"
"732";"Sim";"SP";"sao jose do rio pardo"
"733";"Sim";"SP";"matao"
"734";"Sim";"SP";"viradouro"
"735";"Sim";"SP";"santo antonio de posse"
"736";"Sim";"SP";"limeira"
"737";"Sim";"SP";"sao mateus"
"738";"Sim";"SP";"salto"
"739";"Sim";"SP";"ourinhos"
"740";"Sim";"SP";"barra do chapeu"
"741";"Sim";"SP";"mira estrela"
"742";"Sim";"SP";"sao caetano do sul"
"743";"Sim";"SP";"itabera - sao paulo"
"744";"Sim";"SP";"nova campina"
"745";"Sim";"SP";"rancharia"
"746";"Sim";"SP";"ituverava"
"747";"Sim";"SP";"bebedouro / regiao administrativa de barretos"
"748";"Sim";"SP";"cerquilho"
"749";"Sim";"SP";"jaguariuna"
"750";"Sim";"SP";"palmital"
"751";"Sim";"SP";"paranapua"
"752";"Sim";"SP";"itu"
"753";"Sim";"SP";"santa rosa de viterbo"
"754";"Sim";"SP";"capivari"
"755";"Sim";"SP";"angatuba"
"756";"Sim";"SP";"dois corregos"
"757";"Sim";"SP";"itupeva"
"758";"Sim";"SP";"itarare"
"759";"Sim";"SP";"serra negra - sp"
"760";"Sim";"SP";"jaborandi"
"761";"Sim";"SP";"fernandopolis"
"762";"Sim";"SP";"estancia balnearia de sao sebastiao"
"763";"Sim";"SP";"ipua"
"764";"Sim";"SP";"peruibe"
"765";"Sim";"SP";"cristais paulista"
"766";"Sim";"SP";"jales"
"767";"Sim";"SP";"santana de parnaiba"
"768";"Sim";"SC";"sao jose"
"769";"Sim";"SC";"rio dos cedros"
"770";"Sim";"SC";"itajai"
"771";"Sim";"SC";"rio do sul"
"772";"Sim";"RR";"boa vista"
"773";"Sim";"RS";"salvador do sul"
"774";"Sim";"RS";"rosario do sul"
"775";"Sim";"RS";"tres passos"
"776";"Sim";"RS";"passo fundo"
"777";"Sim";"RS";"alegrete"
"778";"Sim";"RS";"torres"
"779";"Não";"RS";"roca sales"
"780";"Sim";"RS";"gravatai"
"781";"Sim";"RS";"cruzaltense"
"782";"Sim";"RS";"esteio"
"783";"Sim";"RS";"gramado"
"784";"Sim";"RS";"dois irmaos"
"785";"Sim";"RS";"erechim"
"786";"Sim";"RS";"pelotas"
"787";"Sim";"RS";"crissiumal"
"788";"Sim";"RS";"cangucu"
"789";"Sim";"RS";"turucu"
"790";"Sim";"RS";"santo angelo"
"791";"Sim";"RS";"dom pedrito"
"792";"Sim";"RS";"girua"
"793";"Sim";"RS";"sao francisco de assis"
"794";"Sim";"RS";"novo tiradentes"
"795";"Sim";"RS";"sao leopoldo"
"796";"Sim";"RS";"fazenda vilanova"
"797";"Sim";"RJ";"bom jardim"
"798";"Sim";"RJ";"pirai"
"799";"Não";"RJ";"porto real"
"800";"Sim";"RJ";"mesquita"
"801";"Sim";"RJ";"sao jose do vale do rio preto"
"802";"Sim";"RJ";"tangua - rj"
"803";"Sim";"RJ";"niteroi"
"804";"Sim";"RJ";"barra do pirai - rj"
"805";"Sim";"RJ";"rio claro"
"806";"Sim";"RJ";"rio bonito"
"807";"Sim";"RJ";"petropolis"
"808";"Sim";"RJ";"quissama"
"809";"Sim";"RJ";"volta redonda"
"810";"Sim";"RJ";"teresopolis"
"811";"Sim";"RJ";"paracambi"
"812";"Sim";"PI";"luzilandia"
"813";"Sim";"PI";"batalha"
"814";"Sim";"PE";"santa maria da boa vista"
"815";"Sim";"PE";"trindade"
"816";"Sim";"PE";"belem do sao francisco - pe"
"817";"Sim";"PE";"agrestina/pe."
"818";"Sim";"PE";"cupira"
"819";"Sim";"PE";"vicencia"
"820";"Sim";"PE";"santa filomena"
"821";"Sim";"PE";"afogados da ingazeira"
"822";"Sim";"PE";"cabo de santo agostinho"
"823";"Sim";"PE";"serra talhada"
"824";"Sim";"PE";"sao bento do una"
"825";"Sim";"PE";"cha grande"
"826";"Sim";"PE";"olinda"
"827";"Sim";"PE";"bezerros"
"828";"Sim";"PE";"nazare da mata"
"829";"Sim";"PE";"limoeiro"
"830";"Sim";"PE";"iguaracy"
"831";"Sim";"PE";"jatoba"
"832";"Sim";"PE";"joao alfredo"
"833";"Sim";"PE";"venturosa"
"834";"Sim";"PE";"sao vicente ferrer"
"835";"Sim";"PE";"pedra"
"836";"Sim";"PE";"pesqueira"
"837";"Sim";"PE";"petrolina"
"838";"Sim";"PR";"curitiba"
"839";"Sim";"PB";"bananeiras"
"840";"Sim";"PA";"paragominas"
"841";"Sim";"PA";"pau d'arco"
"842";"Sim";"PA";"tailandia"
"843";"Sim";"MG";"santos dumont"
"844";"Sim";"MG";"janauba - municipal"
"845";"Sim";"MG";"santo antonio do monte/regional divinopolis mg"
"846";"Sim";"MG";"barbacena"
"847";"Sim";"MG";"muriae"
"848";"Sim";"MG";"contagem/regiao metropolitana de belo horizonte"
"849";"Sim";"MG";"perdigao"
"850";"Sim";"MG";"governador valadares"
"851";"Sim";"MG";"franciscopolis"
"852";"Sim";"MG";"tres marias"
"853";"Sim";"MG";"congonhas"
"854";"Sim";"MS";"chapadao do sul"
"855";"Sim";"MS";"campo grande/ms"
"856";"Sim";"MS";"rio brilhante"
"857";"Sim";"MS";"corumba"
"858";"Sim";"MS";"maracaju"
"859";"Sim";"MS";"itaquirai"
"860";"Sim";"MT";"araputanga"
"861";"Sim";"MT";"nova olimpia - mato grosso"
"862";"Sim";"MA";"alcantara"
"863";"Sim";"MA";"central do maranhao"
"864";"Sim";"MA";"barra do corda"
"865";"Sim";"MA";"imperatriz"
"866";"Sim";"MA";"porto franco"
"867";"Sim";"MA";"pedreiras"
"868";"Sim";"GO";"quirinopolis"
"869";"Sim";"GO";"mineiros"
"870";"Sim";"GO";"anapolis"
"871";"Sim";"GO";"rio verde, goias"
"872";"Sim";"GO";"goianesia"
"873";"Sim";"GO";"parauna"
"874";"Sim";"ES";" jaguare"
"875";"Sim";"ES";"aracruz"
"876";"Sim";"ES";"cachoeiro de itapemirim"
"877";"Sim";"ES";"vitoria"
"878";"Sim";"ES";"boa esperanca"
"879";"Sim";"ES";"muqui"
"880";"Sim";"ES";"nova venecia"
"881";"Sim";"ES";"mucurici"
"882";"Sim";"CE";"capistrano"
"883";"Sim";"CE";"santana do acarau"
"884";"Sim";"CE";"vicosa do ceara - ce"
"885";"Sim";"CE";"sobral"
"886";"Não";"CE";"granjeiro"
"887";"Sim";"CE";"fortaleza"
"888";"Sim";"CE";"maracanau"
"889";"Sim";"CE";"itapaje/ce"
"890";"Sim";"CE";"oros"
"891";"Sim";"CE";"taua"
"892";"Sim";"CE";"jaguaretama"
"893";"Sim";"BA";"camacari"
"894";"Sim";"BA";"santo antonio de jesus"
"895";"Sim";"AL";"maragogi"
"896";"Sim";"AL";"santana do ipanema"
"897";"Sim";"SE";"frei paulo"
"898";"Sim";"SE";"porto da folha"
"899";"Sim";"SE";"brejo grande"
"900";"Sim";"SE";"laranjeiras"
"901";"Sim";"SP";"santo andre"
"902";"Sim";"SP";"presidente epitacio"
"903";"Sim";"SP";"cotia"
"904";"Sim";"SP";"martinopolis"
"905";"Sim";"SP";"sao jose dos campos"
"906";"Sim";"SP";"bocaina"
"907";"Sim";"SP";"suzano"
"908";"Sim";"SP";"sao carlos"
"909";"Sim";"SP";"prefeitura municipal da estancia balnearia de praia grande"
"910";"Sim";"SP";"jandira"
"911";"Sim";"SP";"presidente prudente"
"912";"Sim";"SP";"ibitinga"
"913";"Sim";"SP";"ribeirao do sul"
"914";"Sim";"SP";"pirapora do bom jesus"
"915";"Sim";"SP";"cravinhos"
"916";"Sim";"SP";"itaquaquecetuba"
"917";"Sim";"SP";"santa barbara do oeste"
"918";"Sim";"SP";"lencois paulista"
"919";"Sim";"SP";"jacarei"
"920";"Sim";"SP";"caraguatatuba - sp"
"921";"Sim";"SP";"paraibuna"
"922";"Sim";"SP";"sud mennucci"
"923";"Sim";"SP";"santos"
"924";"Sim";"SP";"salesopolis"
"925";"Sim";"SP";"aracatuba"
"926";"Sim";"SP";"osvaldo cruz"
"927";"Sim";"SP";"sorocaba"
"928";"Sim";"SP";"guarani d´oeste"
"929";"Sim";"SP";"valinhos"
"930";"Sim";"SP";"jardinopolis"
"931";"Sim";"SP";"colina"
"932";"Sim";"SP";"aracariguama"
"933";"Sim";"SP";"igaracu do tiete"
"934";"Sim";"SP";"barretos"
"935";"Sim";"SP";"sao joao da boa vista"
"936";"Sim";"SP";"campo limpo paulista"
"937";"Sim";"SP";"pinheiros"
"938";"Sim";"SP";"santa fe do sul"
"939";"Sim";"SP";"pilar do sul"
"940";"Sim";"SP";"jacana / tremembe"
"941";"Sim";"SP";"indaiatuba"
"942";"Sim";"SP";"rio grande da serra"
"943";"Sim";"SP";"votorantim"
"944";"Sim";"SP";"garca"
"945";"Sim";"SP";"jaboticabal"
"946";"Sim";"SP";"santa cruz do rio pardo"
"947";"Sim";"SP";"taquaritinga"
"948";"Sim";"SP";"bariri"
"949";"Sim";"SP";"itapecerica da serra"
"950";"Sim";"SP";"itapetininga"
"951";"Sim";"SP";"ilha solteira"
"952";"Sim";"SP";"miguelopolis / franca"
"953";"Sim";"SP";"itai"
"954";"Sim";"SP";"ribeirao preto"
"955";"Sim";"SP";"sao jose do rio preto"
"956";"Sim";"SP";"macatuba"
"957";"Sim";"SP";"cruzeiro"
"958";"Sim";"SP";"tatui"
"959";"Sim";"SP";"piraju"
"960";"Sim";"SP";"guaira"
"961";"Sim";"SP";"mogi das cruzes"
"962";"Sim";"SP";"amparo"
"963";"Sim";"SP";"lins"
"964";"Sim";"SP";"piracicaba"
"965";"Sim";"SP";"boituva"
"966";"Sim";"SP";"porto ferreira"
"967";"Sim";"SP";"sao bernardo do campo"
"968";"Sim";"SP";"sao sebastiao da grama"
"969";"Sim";"SP";"jundiai"
"970";"Sim";"SP";"itanhaem"
"971";"Sim";"SP";"fartura"
"972";"Sim";"SP";"sertaozinho"
"973";"Sim";"SP";"novo horizonte"
"974";"Sim";"SP";"hortolandia"
"975";"Sim";"SP";"porto feliz"
"976";"Sim";"SP";"cajuru"
"977";"Sim";"SP";"batatais"
"978";"Sim";"SP";"taboao da serra"
"979";"Sim";"SP";"itaim paulista (cidade de sao paulo)"
"980";"Sim";"SP";"itatiba"
"981";"Sim";"SP";"ilhabela"
"982";"Sim";"SP";"maua"
"983";"Sim";"SP";"embu"
"984";"Sim";"SC";"blumenau"
"985";"Sim";"RS";"balneario pinhal"
"986";"Sim";"RS";"osorio"
"987";"Sim";"RS";"sao borja / fronteia oeste"
"988";"Sim";"RS";"rio grande"
"989";"Sim";"RS";"tupandi/rs vale do cai"
"990";"Sim";"RS";"condor"
"991";"Sim";"RS";"farroupilha"
"992";"Sim";"RS";"porto alegre"
"993";"Sim";"RS";"cruz alta"
"994";"Sim";"RS";"santa cruz do sul"
"995";"Sim";"PE";"moreno"
"996";"Sim";"PE";"lajedo"
"997";"Sim";"PE";"lagoa grande, capital da uva e do vinho"
"998";"Sim";"PE";"ipojuca"
"999";"Sim";"PE";"santa cruz do capibaribe"
"1000";"Sim";"PE";"petrolandia"
"1001";"Sim";"PE";"buique"
"1002";"Sim";"MG";"joao monlevade"
"1003";"Sim";"MG";"cachoeira de minas"
"1004";"Sim";"MG";"itabirito"
"1005";"Sim";"MG";"santa luzia / municipal"
"1006";"Sim";"MG";"itajuba"
"1007";"Sim";"MG";"uberaba"
"1008";"Sim";"MT";"campo verde/mt"
"1009";"Sim";"SE";"nossa senhora aparecida"
"1010";"Sim";"SE";"caninde de sao francisco"
"1011";"Sim";"SE";"neopolis"
"1012";"Sim";"SE";"itaporanga d'ajuda"
"1013";"Sim";"SP";"osasco"
"1014";"Sim";"SE";"estancia"
